<?xml version="1.0" encoding="UTF-8" ?>
<root>
  <books>
    <isbn>9781593275846</isbn>
    <title>Eloquent JavaScript, Second Edition</title>
    <subtitle>A Modern Introduction to Programming</subtitle>
    <author>
      <name>Marijn</name>
      <surname>Haverbeke</surname>
    </author>
    <published>2014-12-14T00:00:00.000Z</published>
    <publisher>No Starch Press</publisher>
    <pages>472</pages>
    <website>http://eloquentjavascript.net/</website>
    <tags>programming</tags>
    <tags>javascript</tags>
  </books>
  <books>
    <isbn>9781449331818</isbn>
    <title>Learning Javascript Design Patterns</title>
    <subtitle>A JavaScript and jQuery Developer&#x27;s Guide</subtitle>
    <author>
      <name>Addy</name>
      <surname>Osmani</surname>
    </author>
    <published>2012-07-01T00:00:00.000Z</published>
    <publisher>O&#x27;Reilly Media</publisher>
    <pages>254</pages>
    <website>http://www.addyosmani.com/resources/essentialjsdesignpatterns/book/</website>
    <tags>programming</tags>
    <tags>javascript</tags>
  </books>
  <books>
    <isbn>9781449365035</isbn>
    <title>Speaking JavaScript</title>
    <subtitle>An In-Depth Guide for Programmers</subtitle>
    <author>
      <name>Axel</name>
      <surname>Rauschmayer</surname>
    </author>
    <published>2014-02-01T00:00:00.000Z</published>
    <publisher>O&#x27;Reilly Media</publisher>
    <pages>460</pages>
    <website>http://speakingjs.com/</website>
    <tags>programming</tags>
    <tags>javascript</tags>
  </books>
</root>